掌上点读机,0
早睡早起 闹铃,1
在外-户外旅行交友神器,2
新浪游戏,3
砖题库公务员,4
欢乐美食街,5
刷宝,6
惠花花,7
灵占算命八字星座,8
Couple,9
英语四级听力,10
淘志愿,11
健身宝典,12
磨房,13
美国交通,14
怕怕,15
最专业唱K视频教学,16
吹吹哨,17
衣联供货商批发网,18
酷乐在线,19
租房帮-搜房网出品,20
饭团-炎亚纶,21
饭团-刘诗诗,22
宝宝学英语,23
淘女装,24
PowerAMP音乐播放器,25
新华电视,26
多朋兴趣社交,27
甘肃爱城市,28
果酱音乐,29
二建题库,30
Waze交通达人,31
全民枪战助手,32
ChinaRadio,33
韩语单词天天记,34
超级汉语字典,35
千牛,36
微信通,37
名人朋友圈,38
佛山公交查询助手,39
省钱快报,40
Tommy Hilfiger官方商城,41
康爱多掌上药店,42
铃声精选,43
笑掉大牙&极品笑话,44
软天空,45
沃看报纸,46
Biu,47
南方Plus,48
购物党比价助手,49
速卖通卖家,50
一网超市,51
唐诗三百首,52
易道时代,53
狗狗汪星人-宠物论坛,54
随手电筒,55
高德导航,56
菜谱精灵,57
经典语录,58
粉笔考研题库,59
中国联通手机钱包,60
饭团-2NE1,61
佐佐日历,62
小伴龙,63
路况交通眼,64
你画我猜Online,65
数读,66
优品惠(优购物),67
开心熊宝-故事 儿歌 语音,68
电玩游戏,69
分期乐,70
掌上邯郸(邯郸广播电视台),71
就是羽泉,72
骨科时间,73
看点,74
手信,75
趣头条,76
考试宝典,77
虾米计算器,78
蛋壳提醒-日历闹钟,79
领爱,80
极限飞车,81
教你学化妆,82
花生头条,83
Dailyaha,84
3D音乐播放器,85
口袋·C.N.Blue,86
图播,87
白盒子,88
"微单词-四级,六级,GRE,托福,雅思,高考,考研,美剧",89
财新,90
米淘乐,91
昕薇模特,92
各种各样的房子,93
最后一叮,94
周易八字软件,95
淘宝头条,96
家乐园速购,97
掌上曲靖,98
云脉CC社区通讯录,99
高德导航怀旧版,100
天翼视讯全能看,101
照片处理套件,102
头条日报,103
良仓：生活家的良品分享,104
普通话发音测试,105
疯狂造人-播种网备孕怀孕,106
小学英语五年级下,107
教育通,108
广场舞,109
新浪唱聊美女视频交友聊天,110
剧吧视频,111
河南建业,112
谷歌翻译,113
易经听读,114
天翼手机,115
减肥手册,116
米家有品,117
滴答双语阅读,118
美美豆,119
英语达人,120
香哈菜谱-美食家常菜谱大全,121
淘票票专业版,122
东莞日报,123
易购,124
A8播放器,125
九元超值购,126
购折,127
甜甜圈(互动新生活),128
大麦麦田,129
小学一年级语文上册生字注音课件人教版,130
寒山闻钟,131
掌上新闻,132
业务帮,133
丁香园,134
取名测名,135
知趣天气--PM2.5,136
战旗直播,137
手机猪八戒,138
南方都市报,139
V电影,140
电击枪,141
猎曲奇兵免费版,142
足球控,143
一个,144
中医宝典,145
手机赚钱宝,146
天天点歌,147
每日·焦点,148
我是消防员,149
检验助手,150
网商银行,151
淘车二手车,152
YY手游语音,153
奢侈品,154
7788古籍,155
女生贴身小精灵,156
好友定位,157
肆客足球,158
车来了,159
叮叮羊微集,160
热卖,161
HD风行影视大全,162
星象地图,163
国航手机购票平台,164
万花筒视频(TV版),165
"Carousell: Snap, List, Sell",166
彩虹公交,167
英雄联盟视频,168
沪江小D词典,169
科目二场地考试视频讲解,170
蝴蝶V博,171
安徽掌上10000,172
饭团-金钟大,173
初一英语,174
山地车骑行,175
高中语文助手,176
外勤365,177
约会必胜彩妆,178
性能力测试,179
我爱听书,180
造作,181
道教护身咒,182
PU口袋校园,183
品众商城,184
蜜桃闹钟,185
Chance,186
高中政治大全,187
扇贝读书,188
微信表情大全,189
养车之家,190
巨细热点,191
日语语法速查,192
饭团-李敏镐,193
饭团-张艺兴,194
掌上电力,195
蜜蜂听听-听书与音乐完美结合,196
酷我音乐,197
语音计算器,198
KMPlayer,199
Ami天气,200
完美规划背单词,201
星座运势,202
懶人聽書,203
两性医生,204
蜜蜂导视,205
安卓手机铃声,206
Sunrise日历,207
啊呦,208
K歌房,209
航班管家,210
Flash游戏播放器,211
萌萌颜文字9000,212
翼健康,213
重庆城,214
视频汇,215
众信悠哉旅游,216
快传,217
聚车友,218
爱辅导,219
辣妈秀,220
万能换算器,221
全球时尚鞋屋,222
容易逛,223
网易时尚杂志,224
洋米购物,225
听世界听书,226
叽友,227
优酷(x86版),228
萌声,229
可米音乐,230
古筝,231
订票助手,232
首旅如家,233
优酷视频,234
微乐汇,235
看厦门,236
宝贝故事,237
篮球——寻找喜欢打篮球的朋友！,238
番茄土豆,239
微看-网络互动电视,240
KX万能播放器,241
中公教育,242
宜搜搜索,243
酷我秀场,244
九元包邮,245
5Sing原创音乐,246
全国人大会议,247
扫描全能王,248
DIY真心话大冒险,249
PP语音-电话聊天交友,250
微来婚恋,251
臭美,252
蛙趣视频,253
掌上武汉,254
趣网两性情趣用品商城,255
拼多多,256
精品购物指南,257
衣恋时尚-虚拟试衣,258
谷歌云打印,259
MAPS.ME,260
违章查询-橙牛汽车管家,261
宝宝树孕育,262
台湾高铁时刻表,263
九秀直播,264
Q友乐园,265
搞怪,266
搜狗语音助手Beta版,267
进步听力学英语,268
风景网,269
全国火车票实时查,270
网址导航2013版,271
起名八字取名,272
班家-连接学校与家庭的教育交流工具,273
车轮驾考通,274
南京掌上公交,275
解放军报,276
微信炫字体,277
放心美——明星发型师点评，并享独家优惠,278
Runtastic俯卧撑Pro,279
言.Words,280
六只脚-旅行户外,281
布丁酒店,282
汤圆创作,283
蜜源,284
化化网煤化工,285
淘宝领券宝购物助手,286
8684外卖,287
小猫钓鱼,288
醒购,289
斗鱼直播,290
学拼音,291
潮流女装,292
微博头条,293
玫瑰婚恋交友,294
列车时刻表,295
易赛便民O2O,296
驱动中国,297
米缸高中物理,298
会计初级职称考试,299
拍我吖,300
上网助手-看小说赏美女,301
熊猫多格式视频播放器,302
时间表日程提醒,303
美聊,304
2012欧锦赛,305
同城交友简单爱,306
国通石油,307
窝窝,308
云上襄阳,309
VOA每日英语,310
超级淘,311
个性,312
多点GPS户外导航-团队定位,313
航旅纵横,314
好看视频,315
环球捕手,316
高考志愿君,317
喂饭,318
7788民国钱币,319
问他作业,320
Airbnb酒店,321
GPS测试仪,322
激动新闻,323
考勤助手,324
高考直通车,325
饭团-吴世勋,326
一元爱购,327
iTVB,328
1折网-易折优品,329
鹰漠旅行－原快捷酒店管家,330
护眼宝,331
万年历黄历,332
一起唱,333
推酷,334
免费排卵日历,335
Google文字转语音引擎,336
啵啵,337
米娜时尚,338
网易微博,339
杭州电视台,340
移动演奏家,341
上海外服,342
贝店,343
自己上厕所,344
方言Chat,345
寂寞姐语录,346
人人mini-专注校园交友,347
掌中围棋,348
话费购,349
百度视频HD,350
云之家 移动办公行家,351
视友,352
减肥小秘书,353
成语词典 离线版,354
高考文科综合真题复习,355
哈淘,356
亚洲间谍摄像头,357
土豆视频HD-每个人都是生活的导演,358
帅吧男装搭配,359
CNN新闻,360
偶粒,361
颜值控,362
看万州,363
任务提醒,364
9块9包邮,365
非礼-品质礼物时尚生活创意家居神器,366
小智语音锁屏,367
"美丽购-紧跟时尚,轻松选购!",368
流行铃声,369
猫团动漫(看动漫),370
车托帮-路况电子狗,371
漫威粉,372
集群车宝,373
普通话学习2,374
穿衣搭配,375
图吧导航,376
北京地铁,377
麦当劳优惠券,378
十万个为什么,379
饭团-朴灿烈,380
会计从业资格考试,381
美美,382
环球人物,383
可爱女生闹钟,384
超级影音,385
腾讯微博HD,386
二柄,387
饭团-SJ,388
达答,389
有密YouMi,390
时尚杂志汇,391
有赞商家版,392
淘宝今日特价,393
广州移动频道,394
肯德基,395
孕妇宝典,396
JT视频播放器免费,397
广州地铁,398
豆饼潮童,399
沃音乐,400
凤凰资讯,401
知聊,402
1药网,403
好波通,404
叮咚小区,405
问酷初中数学,406
欢乐购,407
围棋宝典,408
每讯手机新闻,409
饭团-吴亦凡,410
爱听音乐,411
口语角儿,412
易听,413
好豆,414
儿歌拔萝卜,415
地铁背单词雅思版,416
辣妈商城-海淘精选,417
衣宝贝,418
我要早睡,419
冒泡社区,420
大象公会,421
冷兔大学堂,422
迅雷方舟,423
8684地铁,424
胎教音乐免费版,425
军旗—寻找喜欢玩军旗的朋友！,426
索契冬奥会,427
E宠商城-宠物用品-猫狗粮零食,428
来电了,429
英语四六级听力真题,430
为知笔记,431
SBS 고릴라,432
界面新闻,433
PP体育,434
爱拍手游视频站,435
宝宝来找茬,436
淘宝,437
妙汇,438
数学计算大挑战,439
好木多,440
饭本,441
即嗨比分,442
安卓铃声,443
魔游游手游交易,444
金山背单词,445
日语翻译官,446
懂球帝,447
安徽移动,448
快手MV,449
一加社区,450
悠悠-图说心里话!,451
QQ音乐HD,452
小熊录屏,453
论八字,454
徒步去旅行 – 驴友大本营,455
今日美丽商城,456
药品通,457
五念创业,458
女装搭配,459
鹅毛笔(高清),460
问酷初中物理,461
兔头条,462
景德镇日报,463
豆听-可以听的土豆网,464
一刻千金,465
京东Pad版,466
一搜视频,467
MT管理器,468
问医生,469
云脉拍照翻译,470
美菜商城,471
爱情测试大全,472
孕妇孕期必备,473
上海观察,474
智能拨号,475
今日热点,476
有料短视频,477
焊接加工,478
么么直播,479
基础英语口语,480
图解电影,481
浙江新闻,482
立波育儿百科,483
益动GPS,484
QQ同步助手,485
倒数日-日程 记事,486
查券,487
小熊油耗,488
学韩语,489
土木建筑手册,490
儿童拼音学习-快乐拼音,491
慢慢买,492
明星库,493
Vista看天下,494
大润发优鲜,495
洋码头,496
微分销,497
Adobe Acrobat Reader,498
智慧无锡,499
摩托达人:增强版,500
沪江英语,501
今日九块九,502
HIGO,503
外汇交易宝,504
流量宝,505
全球摄像头视频播放器,506
会员宝 商户,507
爆米花美女秀,508
百词斩,509
初中高中作文,510
比特币火币行情钱包,511
TV189院线,512
领路人手机导航,513
西藏之声网(བོད་ལྗོངས་འཕྲིན་དྲ།),514
印象,515
科学计算器,516
饭团-林峰,517
中华万年历-日历 农历 天气 节日 日程,518
悠悠驾车(原悠悠导航),519
高铁商旅 火车/航班/酒店/出行工具,520
游戏充值宝,521
有道翻译官,522
Fitbit健康追踪,523
私密话语,524
飞牛网,525
豌豆公主,526
新浪体育,527
柚柚育儿怀孕母婴,528
动心-看美女，捧女神,529
姓名艺术签名设计大师,530
爱情公寓影视原声,531
英文前缀字根快速背单词字典,532
开车听的音乐,533
都市快报,534
天津网,535
爱看屋旗舰店,536
百度相册,537
数学公式,538
国学经典1000句,539
景点打折门票-景点•特价门票•旅游攻略,540
7788邮票,541
小狐工作,542
西洋塔罗牌占卜机,543
整容通整形大师,544
左拉购,545
缘分婚恋-女生版,546
手机电视录像机,547
顺丰速运,548
归属地查询,549
周易算命,550
宝宝学蔬菜,551
百度音乐HD,552
尚店,553
聚车友-驾考助手考驾照宝典,554
腾讯视频,555
365Scores实时体育和新闻,556
快闪播放器,557
秘密,558
美丽搭配,559
百度糯米,560
香港地铁轻铁,561
O2播客,562
谁叫我起床,563
美啦,564
恋爱,565
探探,566
酷盘(随时同步PC文件),567
学车宝典,568
正点闹钟pad版,569
小黑鱼,570
21世纪,571
家常菜菜谱,572
有量,573
返利大王,574
超信,575
环球时报pad版,576
V – 明星社交媒体广播节目软件,577
哈哈看点,578
事业单位招聘考试,579
天一黄历,580
掌上看家,581
现代汉语全功能词典,582
即刻新闻,583
全视界新闻资讯,584
道聚城,585
掌中篮球,586
旧书街,587
芭乐影视,588
找找哪里不对,589
荔枝,590
一半,591
MissEvan(M站),592
博宝在线拍卖,593
虎奔等考,594
MODEL+专业模特麻豆平台应用,595
时尚丽人装扮,596
瑞丽网,597
执考助手 - 视听教室,598
看客影视,599
驾考宝典,600
特逗动漫Go,601
591随身学(高中版),602
爱尚三福,603
同城热恋,604
京东车管家,605
女孩的秘密,606
每日瑜伽,607
良品铺子,608
丽芙家居,609
猜猜(匿名与小伙伴表白倾诉约会),610
向日葵远程控制,611
鲸彩,612
太平洋汽车网,613
时尚汽车资讯,614
法语初学者,615
桔子分期,616
SNKRS,617
坐车网公交查询(地铁|火车|长途汽车|地图),618
彩虹天气,619
汉语字典简体版,620
住哪儿订酒店,621
奇遇,622
口碑,623
风行影视大全,624
今天要看,625
DNF助手,626
手机号码探测器,627
宝宝儿歌合集-动物篇,628
AA拼车,629
汪东城,630
铃声剪辑,631
12306买火车票,632
唱吧,633
故事宝贝-儿童睡前童话故事,634
元素周期表,635
和包,636
小职了个人/HR版,637
yy备份,638
街旁 - 城市生活、美食交友、优惠LBS！,639
大连手机台,640
手写记事本[手写练字],641
天涯社区,642
窍门全来了-风戏筝鸣,643
要买车,644
卫星地图,645
小泥人写汉字,646
新浪微米,647
拔草菌,648
快手时尚(手机高清视频),649
ADD移动悦览,650
掌上洛阳,651
淘粉吧,652
Teambition,653
镜多多,654
写字先生,655
蜜爱,656
桔色,657
神马早知道,658
暴风影音,659
尚赫电子书库HD,660
1518占卜大师,661
哪好玩,662
乐活分享,663
高中英语助手,664
高中高考大纲必背诗词64首,665
Rela热拉,666
美食杰,667
熊大叔的水果店,668
车友会,669
金山词霸,670
唐诗,671
剑桥高阶英汉双解词典,672
蚁家人,673
执业医师考试模拟,674
每日法语听力,675
YOHO!E潮流,676
同桌游戏,677
孔夫子旧书网,678
咪咕直播,679
生命线圣经,680
劲爆韩国男星资讯,681
法律频道,682
宝宝学形状,683
美识+,684
换图-匿名照片交换,685
瞭望东方周刊,686
女装精选,687
SpeakingMax口语达人,688
逛街助手,689
帮海贝,690
图吧导航(GPS离线版),691
儿童学写字,692
九块九包邮,693
爱网游,694
恒大手机客户端安卓版,695
乐友-母婴商城，妈妈首选,696
俯卧撑教练,697
齐鲁壹点,698
高考志愿填报专家,699
零购官网,700
斗图神器,701
榴莲,702
Banjo,703
Hello Pal跟老外聊天学外语,704
简图,705
7060影视,706
宅家看视频,707
宝宝学水果,708
QQ音乐,709
单词之美六级-天天斩百拓海词给力有道背词典,710
工程师爸爸儿童桌面(育儿早教),711
时尚志,712
沃看湖北,713
说话锁屏,714
体坛快讯,715
尤为Wconcept,716
万卡商城,717
聚美优品-极速免税店,718
淘新闻,719
1919快喝,720
多邻国｜免费学英语,721
人人K歌,722
建行善融商城,723
美团外卖,724
听音识曲,725
[有声] 上下五千年,726
追星族,727
美荔姐妹聊,728
米缸高中历史,729
录吧-自动通话录音,730
每日德语听力,731
都秀嗨皮-,732
易趣记事本,733
孕妈交流互助,734
小学古诗全文赏析,735
GuitarChord,736
分期呗,737
飞凡,738
小猪二手车,739
必胜宅急送,740
糖豆广场舞,741
随便走,742
好易听(英语听力),743
非常新闻,744
对联大全,745
OPPO乐园,746
黑猫-精准定位,747
汉语词典-离线版,748
题酷高考必备,749
我的天文台,750
孕妇孕期40周(协和徐蕴华),751
CALCU计算器,752
品录微店-手机开店,753
智能备忘录,754
葡萄,755
闹钟达人,756
艺术签名大师,757
军事头条,758
智仟汇,759
小i机器人安卓版,760
微店购物,761
玩啥e族,762
炫舞小灵通,763
百度随心听,764
即通,765
病历夹经典版,766
悦TV,767
宝宝小画板,768
中国高尔夫网络电视,769
听中国,770
风水罗盘指南针,771
开源中国,772
宝宝找数字,773
幼儿数字算数学习,774
niconico漫画 ニコニコ漫画,775
一罐,776
DJ多多,777
WiFi热点,778
DailyRoads 行车纪录器,779
铃声狗狗-最新最潮的时尚铃声,780
儿童英语趣味学习免费版,781
蜜购,782
KK图文表情,783
爱豆,784
寺库奢侈品,785
生活日历,786
阿里TV,787
百变语音秀,788
米缸高中生物,789
必采,790
零食家,791
见面-私人约会顾问,792
川报观察,793
哈哈文库,794
玩GO,795
Google日历,796
飞常准,797
好省,798
话费充值游戏点卡,799
OMGTALK匿名聊天,800
旺旺快讯,801
时空网,802
天气美搭(官方版),803
蛋宝聊天室,804
微精,805
苏宁微店,806
健康交行,807
影视大全,808
IS语音,809
365日历万年历,810
安卓网,811
三星遥控大师,812
多媒体转换器,813
鬼步舞教学视频,814
批八字算命,815
繁星优选,816
大家来K歌,817
去哪吃,818
知亦行,819
返利网,820
违章查询助手,821
导航犬,822
饿了么,823
快秀美女热舞视频聊天,824
虎嗅,825
会计移动课堂HD—会计从业资格考试,826
易用K歌,827
粉扑,828
言值,829
网易公开课HD,830
Runtastic腹肌教练,831
羊毛省钱,832
每日一美发,833
买么购物,834
白天黑夜,835
火车票订票,836
堆糖,837
会计从业,838
美胸女人帮,839
日语听说读,840
快乐数学,841
妈妈圈-怀孕育儿-中国最火女人社区,842
电视猫,843
沙发管家,844
二手手机找靓机,845
银嘉钱包,846
114生活助手,847
火辣健身,848
米尔军事,849
观影微电影,850
口语微教室,851
爱瘦减肥,852
A9VG电玩部落,853
备忘录,854
迅雷播放器,855
车轮社区,856
个性签名大全,857
云脉文档识别,858
私蜜搭,859
中特汇,860
一伴婚恋相亲,861
萤石云视频,862
天翼云盘,863
春雨医生,864
绝对领域,865
网易电影票,866
华尔街见闻,867
聚爱妈咪全球进口母婴用品特卖商城,868
韩都衣舍,869
友加,870
好景,871
玩加赛事,872
多点,873
快手美剧,874
爱折扣,875
KK觅友 KKtalk--陌生人移动社交,876
网侠手游宝,877
蜜淘韩国免税店,878
手机购物助手,879
过日子,880
58同城,881
无线网络管理专家,882
口碑商家(原支付宝商家版),883
布谷提醒 生日微信短信祝福 ＆ 节日聚划算活动提醒,884
青岛新闻,885
英语四级答案,886
雅活荟-送688元红包,887
钓鱼人,888
推播—匿名城事,889
全家乐聊,890
CAD手机看图,891
中山手机台,892
从零起步说英语精学,893
单词锁屏,894
淘手游,895
我查查,896
招财风水大揭秘,897
宝宝故事会,898
WiFi助手,899
汽配大全,900
天天动听皮肤-WMP,901
宝宝学配对2-宝宝巴士,902
我爱背单词,903
樱桃同性恋交友,904
Office办公套件,905
闹钟控,906
猜歌王(最好玩的音乐社区),907
EXO粉丝团,908
V聊,909
中山实时公交,910
有道云笔记,911
淘券吧,912
ZAKER新闻,913
伊的家,914
沃邮箱,915
Hi-夜店,916
我们爱讲冷笑话,917
CAD快速看图,918
FT中文网,919
我爱吉他谱,920
随身读卡器,921
艺莲公园,922
Google I/O 2015,923
环球军事-20万人都在用,924
咪咕视频,925
聚好看,926
拼更多,927
铁血军事头条,928
打工圈有缘交友,929
百度导航,930
趣看点,931
小6优选,932
问酷高中物理,933
百度日历,934
御泥坊,935
百度VIP,936
3D美客,937
有范,938
汽车在线-GPS车载监控,939
我有外卖,940
铃声下载,941
大学英语四级单词,942
最实用的口才全书,943
考试100,944
宝贝全计划-儿童故事，食谱，日记,945
拉手团购,946
英雄联盟攻略盒子,947
1905电影网,948
旅法师营地,949
吃对药,950
每日一句,951
KKBOX,952
凤凰视频,953
2017会计从业考试,954
韩语发音表,955
装*神器,956
V视,957
印象笔记,958
移动微博,959
美萌,960
小学英语三年级上,961
酷狗直播,962
多趣旅行Pro,963
倒数日,964
土豆视频,965
全国空气质量,966
宝宝幼儿园,967
流声机,968
小米视频,969
CAD迷你看图,970
大麦,971
锦江旅行,972
路口－购物神器,973
音悦台(免流量版)-音乐MV,974
爱玩4G,975
闲读 - 读那些值得读的,976
掌眼-古玩收藏艺术品资讯平台,977
宝宝爱整理,978
周公解梦大全,979
酷狗铃声,980
推兔,981
英语学霸,982
百度音乐,983
天津大悦城,984
宝宝小厨房,985
易购网,986
高效待办清单,987
享唱(视频K歌唱吧),988
番茄快点 - 点菜神器,989
英语电台,990
哈佛商业评论管理锦囊,991
空色美术,992
多米电台,993
生词本背单词,994
奥维互动地图,995
美食天下,996
爱奇艺音乐MV,997
瞎想,998
追啊,999
一淘,1000
宝宝乐器,1001
碰碰,1002
悠播--3D视频播放器,1003
乐萌抓娃娃,1004
PaPa,1005
Tplus图片社交,1006
微镜头,1007
瑞词韩语TOPIK,1008
作业答疑,1009
瘦瘦,1010
无线荆州,1011
智能仪器,1012
产品经理,1013
野糖,1014
钢琴谱大全,1015
7788收藏,1016
明星汇,1017
店加,1018
微小店-微店微商兼职,1019
洽洽搜搜,1020
腾讯新闻,1021
摇摇电视,1022
比比宝,1023
柯南的变声器,1024
NBA直播,1025
飞猪,1026
飞聊,1027
占卜算命,1028
汽车违章查询,1029
饭团-BigBang,1030
学习宝典,1031
豆瓣FM,1032
OK新闻地图,1033
想恋爱,1034
泡泡,1035
杨幂D版,1036
英语口语天天练,1037
大众看点,1038
易手遥控,1039
热拍,1040
有看投,1041
澎湃新闻,1042
青岛公交查询,1043
WuzhenhuaPlayer 全能播放器,1044
园园Live,1045
电子圈-电子行业社交及招聘,1046
世纪佳缘,1047
迅雷动漫,1048
学日语之五十音图v1.2,1049
问酷答疑宝,1050
奇秀,1051
喝啥,1052
端午节粽子,1053
阿里旺旺卖家版,1054
中英翻译,1055
风行视频HD,1056
Anitama,1057
QQ邮箱,1058
中国新闻网,1059
妈妈宝贝-育儿知识精选,1060
跳舞吧视频交友,1061
逻辑大挑战,1062
GO汽车,1063
今日十大热点,1064
Olive Office,1065
强光手电筒,1066
8684广场,1067
139邮箱轻量版,1068
母婴之家-商城海淘特卖,1069
超级火车票,1070
蹲客纯洁版,1071
即听音乐播放器,1072
手机铃声酷,1073
几米,1074
销售不败,1075
卡惠信用卡优惠,1076
云图手机电视,1077
瓦力流量仪,1078
奥莱购,1079
hao123特价,1080
宠物约会,1081
端,1082
铁友火车票-12306抢票王,1083
中国蓝新闻,1084
深圳地铁,1085
西语助手,1086
凤凰新闻,1087
3g千里眼视频播放器,1088
IT之家,1089
淘鞋网,1090
洋葱淘,1091
指纹测算-指纹照相机 扫描识别指纹评分,1092
度秘,1093
智能风水罗盘测试版,1094
PM2.5预报雾霾-爱呼吸,1095
快**,1096
GO天气,1097
2019驾考驾照宝典,1098
人民日报新闻,1099
人脉军刀,1100
宝宝钓鱼,1101
高中高考历史题库,1102
美乐时光 -- 对的时间，对的音乐,1103
朴朴超市,1104
一建题库,1105
乐拍,1106
微乐,1107
分贝计,1108
珠宝圈,1109
零基础学英语,1110
听书阁,1111
呱呱视频-美女交友直播,1112
必看-热点资讯,1113
药房网,1114
万表-买手表、名表,1115
MP3铃声制作,1116
爱奇艺HD,1117
衣联网服装女装批发,1118
交易猫,1119
红人神器,1120
小泥人之儿童启蒙数数,1121
奇妙清单,1122
非诚勿扰,1123
搜狐二手车,1124
稠州论坛,1125
随心描,1126
Jing,1127
代来代去,1128
饭团-TOP,1129
猎聘,1130
真题馍馍(初高中必备),1131
QQ主题管家,1132
来电,1133
越界电影城,1134
片刻,1135
M18麦网,1136
MOMO陌陌,1137
Youni有你,1138
口袋·T-ara,1139
守望先锋掌游宝,1140
雷速体育,1141
趣你妹,1142
童谣儿歌,1143
大众点评,1144
快看,1145
登月小英雄,1146
道德经听读,1147
顺手付,1148
饭团-Fx,1149
驴行天下,1150
新华图片报 官方版,1151
央视悦动,1152
前程无忧51job,1153
宝宝认身体部位,1154
菠萝饭,1155
路路通,1156
天天快报,1157
商界哲理,1158
ZAKER HD,1159
暖暖交友,1160
星巴克中国FC,1161
宝贝租车,1162
10086掌上营业厅,1163
川菜做法大全,1164
真想聊多人视频聊天,1165
赛尔号,1166
外滩画报daily,1167
亲宝儿歌动画,1168
Splashtop2远程桌面,1169
2015驾照考试科目四,1170
沃游戏,1171
创业快讯,1172
欧路词典,1173
迷上铃声,1174
手机位置实时查询,1175
淘宝充值,1176
微水木,1177
7M篮球比分,1178
拇指购物,1179
手机QQ影音,1180
雅昌拍卖图录,1181
上海最关心,1182
电话对对碰,1183
iDaily,1184
Seesmic社交管家,1185
影约——约人看电影,1186
酷狗音乐,1187
给力背单词,1188
鼎盛军事,1189
东方购物,1190
游久看比赛,1191
初中作文,1192
Share微博客户端,1193
天气通,1194
巧影,1195
玩秀-全球首家红人电商平台,1196
萌动漫资讯,1197
新华字典2013,1198
悠悠导航,1199
宝宝童谣之DJ,1200
汽车之家,1201
吉他谱搜索,1202
JD.id – Online Shopping Mall,1203
知晓,1204
tataUFO-大学生轻社交平台,1205
新浪好声音-随时随地KTV,1206
天天微逛,1207
天气预报播报员,1208
英语说社区,1209
讯飞快听,1210
毒,1211
无觅新闻阅读,1212
三只松鼠海购,1213
秀美甲,1214
女人街,1215
加密记事本,1216
记录爱情侣空间,1217
唱K,1218
秀色-美女秀场,1219
船讯网,1220
奔驰车友会,1221
图吧离线地图(零流量),1222
新华社新闻,1223
咕咚-记录跑步.骑行.走路.健身的运动社交App(减肥神器),1224
小学英语助手,1225
掌云房贷计算器,1226
会计移动课堂,1227
开心消消乐完美攻略,1228
TuneIn Radio,1229
口袋美妆,1230
状态栏农历日期,1231
美团,1232
联商网,1233
摩托达人,1234
民萌,1235
粉笔司考,1236
宅微店-0投入开微店，轻松做微商赚钱,1237
凯立德导航,1238
星巴克中国,1239
学点吧(学习聊天交友),1240
乐刷,1241
有赞微小店,1242
巴适公交,1243
微视,1244
点点轻博客,1245
8684公交,1246
汽车宝典,1247
考研帮,1248
26个字母及识字卡-儿童英语,1249
尚赫电子书库,1250
Zara服饰,1251
无限唱,1252
陕西头条,1253
儿童读物精品,1254
爱心煲汤食谱大全,1255
大板凳,1256
拍购宝,1257
节日祝福短信大全,1258
2B测试 - 最有趣、最准确的心理测试,1259
BTV手机电视,1260
春夏秋冬,1261
道有道,1262
宝宝音乐,1263
学说广东话,1264
微价,1265
小马托福,1266
Player X 影音播放器,1267
花瓣美女 - 让美女心动的美女,1268
宝宝小邮局,1269
微精选,1270
经济日报,1271
作业帮,1272
滴滴出行,1273
实时路况视频,1274
高中高考语文题库,1275
翼周边,1276
好食期,1277
影音先锋,1278
宝宝学ABC,1279
今日发现-新闻交友必备,1280
小在开播,1281
宝宝连数字,1282
电竞头条,1283
VOA英语视频,1284
老虎地图,1285
土土,1286
免费艺术签名设计软件,1287
全国驾照考试C照,1288
ViPER4Android音效驱动,1289
PIXIV插画鉴赏,1290
销售与市场HD,1291
汽配铺,1292
蜜蜂无线,1293
网上车市-第一购车顾问,1294
学生圈,1295
数学农场,1296
驴妈妈旅游,1297
问酷小学语文,1298
斗图表情包,1299
生意参谋,1300
淘宝联盟,1301
伊伊,1302
老黄历通胜,1303
实惠,1304
腾讯微博,1305
KIND开聊,1306
Welike微博客户端,1307
全国政协会议,1308
微铃,1309
米吧,1310
Office办公助手,1311
2345天气王,1312
微软记事本,1313
云南通·云龙县,1314
图吧地图经典版,1315
波奇宠物,1316
玩热点,1317
找大叔,1318
喷嚏图卦,1319
快手直播伴侣,1320
奢分期,1321
Orux地图,1322
暴风魔镜,1323
YHOUSE,1324
客户达开店,1325
萌店,1326
QQ提醒,1327
心上,1328
央视财经,1329
爱情公寓3,1330
掌上九江,1331
微播美女直播,1332
邻邻便利,1333
越吃越美,1334
小知,1335
无线江苏,1336
冷笑话集,1337
爬山—寻找喜欢爬山的朋友！,1338
ChineFrance,1339
环球购物,1340
葡萄社交助手-阅读朋友,1341
体育刷子,1342
北美省钱快报,1343
医学时间,1344
宝宝出行安全,1345
礼物宝,1346
美乐乐,1347
淘卡淘,1348
8684火车,1349
播播视频,1350
对庄翡翠,1351
完美钢琴,1352
NFC,1353
迅雷看看,1354
规范查阅,1355
明星同款-一闪街,1356
360企业云盘,1357
宝宝行为认知,1358
纯银饰品,1359
随身天气,1360
掌柜助理淘宝版,1361
让我来,1362
红娘网,1363
新版科目一驾考试题,1364
自行车线路跟踪,1365
爱看4G视频,1366
记记日记,1367
3A 思维导图,1368
川菜菜谱大全,1369
迷你卡拉OK,1370
为你诵读,1371
财经杂志,1372
Next开关小部件,1373
刑名师爷——中国首部App剧客户端,1374
网上轻纺城,1375
勺子,1376
掌上天津,1377
大姨妈,1378
娱票儿,1379
中央天气预报,1380
轻芒阅读,1381
切客优惠,1382
步行记录器,1383
LOL视频站,1384
RockPlayer播放器,1385
JUJU,1386
爱工惠,1387
MyFitnessPal减肥宝,1388
皮皮虾,1389
千寻影视,1390
日语简易词典,1391
拼多多商家版,1392
谷歌社交网络,1393
宝宝过春节,1394
神聊 –  手机聊天室,1395
企鹅电竞,1396
爱金花,1397
山姆会员商店,1398
拍拍小店,1399
买卖宝商城,1400
智@考研,1401
挖图,1402
三佳购物,1403
微批,1404
男衣邦-购物搭配,1405
云扬州,1406
圣诞节歌曲合集,1407
加密日记本,1408
阿里卖家,1409
交汇点新闻,1410
中国布料网,1411
车友头条,1412
哎姆MV(高清音乐视频),1413
无线泰州,1414
中国日报,1415
互联网助手,1416
上网助手,1417
中国移动,1418
电脑迷,1419
携程学生旅行,1420
宝宝学垃圾分类,1421
途家,1422
今日合川,1423
高中地理助手,1424
Doit.im Pro,1425
金蝶协同新闻公告,1426
告白墙,1427
Hello语音,1428
111医药馆,1429
香港.优惠,1430
真心话大冒险,1431
戚薇App,1432
分享碰碰乐,1433
卓创农业,1434
小贝热闻,1435
全国汽车票,1436
仿真打火机,1437
汉语词典,1438
微软必应,1439
妈妈爱宝宝,1440
最美创意,1441
基础法语口语,1442
PlayStation中心,1443
起名,1444
网易云音乐,1445
十二星座性格分析,1446
网易新闻,1447
搜库,1448
点滴背单词,1449
七彩手电筒(无广告),1450
商务彩铃,1451
只二,1452
掌上新东方,1453
运吧司机版,1454
经典儿歌大家唱,1455
Ami说,1456
宝宝学加法,1457
站酷,1458
百搭女王,1459
每天惠,1460
奋斗猫,1461
手电筒 多功能 多精彩,1462
肥猫二维码扫描器-条形码比价,1463
槽厂,1464
粤语说,1465
今日头条,1466
百姓网,1467
小美剪头发,1468
公主服饰靓衣间,1469
叶罗丽精灵梦,1470
帮5买,1471
重力橙子2,1472
EYEE蜂潮,1473
萌推,1474
XY,1475
东方航空,1476
沪江韩语,1477
每日英语听力,1478
号码百事通,1479
夜讯,1480
听书神器,1481
花花相册,1482
搞笑台词,1483
创业邦,1484
英语口语播音机,1485
语玩-同城交友约会聊天室,1486
央广新闻,1487
美容护肤秘诀,1488
一二级建造师考试,1489
二胡名曲,1490
广西日报,1491
成都商报,1492
虫洞语音助手,1493
啊噜哈,1494
驾照模拟考试,1495
尺子 (Ruler App),1496
无线苏州,1497
微直播,1498
惠买车,1499
滚雪球－衣服,1500
高亮LED手电筒,1501
疯播直播-美女视频,1502
GOSO新闻,1503
饭团-Winner,1504
口袋故事,1505
单位换算,1506
动漫日语随身学II,1507
爱范儿,1508
116114,1509
新阅天下,1510
执考助手 - 掌上题库,1511
智能RSS阅读,1512
豫剧,1513
二维码扫描条码扫描器,1514
医脉通,1515
熊猫优选,1516
小米直播,1517
Sygic导航,1518
抢吧：天天抢低价,1519
学易学堂,1520
高清万能视频播放器,1521
汽车报价-汽车之家出品,1522
赞！,1523
掌上大学,1524
光伏云,1525
2014驾照考试科目一,1526
纸指天下,1527
酷我K歌,1528
新华字典离线版,1529
堆糖良品购,1530
爱今天,1531
7788印章,1532
MojiMe微信表情,1533
超强绘画,1534
单词之美高中-有扇贝海词典道给力金山词霸,1535
新漂流瓶,1536
我叫MT聊天群,1537
辣妈汇,1538
中国网事,1539
看球啦,1540
万能播放器,1541
和地图,1542
经纬名片通,1543
腾讯地图,1544
贝瓦儿歌,1545
玩机宝典,1546
生活行,1547
优个运动商城,1548
巧虎画板涂鸦,1549
多米音乐,1550
音效均衡器,1551
IQ智力测试,1552
正点闹钟,1553
智点调查,1554
故事口袋读读-儿童童话故事阅读器,1555
i真心话大冒险,1556
问酷初中化学,1557
智商测试,1558
猫和老鼠(二)搞笑动画,1559
创业e家,1560
把把脉,1561
《全球使命》掌上应用,1562
抬杠,1563
天猫,1564
19楼,1565
微语音,1566
小维同学—爱美潮流女生逛淘宝购物必备,1567
云猴,1568
美食保健品牌,1569
注册会计师智能题库,1570
兔兔玩友,1571
捏ta,1572
本来生活,1573
A8体育直播-NBA中超,1574
淘心,1575
富熊源创,1576
完美乐感正式版,1577
听伴,1578
有伴宝宝电台,1579
正品折扣,1580
嘚色天气,1581
鲜百信,1582
超级加油站,1583
爱卡汽车,1584
移动练歌房,1585
神机工场,1586
太平洋电脑网,1587
快乐育儿,1588
海客新闻,1589
3D图片浏览器,1590
咸鱼,1591
曲靖M,1592
精品购物,1593
券妈妈优惠券,1594
我的衣帽间,1595
酒仙网,1596
Smooth微博客户端,1597
淘优惠返利,1598
酷我铃声,1599
看度,1600
韩语翻译官,1601
女性经期跟踪,1602
领英,1603
土豆湖南联通版,1604
饭团-韩庚,1605
汽车街,1606
网易考拉,1607
VOA听力训练,1608
车轮,1609
周公解梦,1610
一听音乐,1611
闪电降价,1612
114,1613
在线特惠选座9.9元起,1614
忘忧围棋,1615
国美在线,1616
铃声大全,1617
超级红包,1618
花椒直播,1619
嘿秀,1620
祝福短信,1621
我读报,1622
VidOn播放器,1623
爱活动(专业版)–中国第一款O2O活动社交平台,1624
同学闹钟,1625
用药助手,1626
生活百事通,1627
嗨皮皮,1628
课程精灵 (推荐),1629
卖客疯,1630
天翼视讯,1631
猫闲,1632
注意力训练,1633
猎爱,1634
拉片,1635
微定GPS手机定位软件,1636
驾考全能手册,1637
联云天气,1638
乐视视频,1639
万能影视,1640
触手,1641
文明中国,1642
WIFI密码查看器,1643
浮空影视,1644
每日经济新闻,1645
月来越好,1646
定位亲人(免费版),1647
快返 -掌上购物返利帮手,1648
粉粉日记,1649
17,1650
AsDear,1651
开迅视频-二次元,1652
车置宝二手车,1653
GPS工具箱,1654
艾美发型秀,1655
IP摄像头,1656
有聊(百度贴吧官方版),1657
学唱英文歌,1658
雷锋网,1659
宝宝起名取名字,1660
初页,1661
饭团-边伯贤,1662
快快开店,1663
网购潮,1664
考研日历,1665
行者,1666
易联安全邮箱,1667
闪记笔记记事,1668
爱讲冷笑话,1669
掌上温州(温都全媒体),1670
艺术头条,1671
作业互助组,1672
中医歌诀,1673
拓词,1674
YY语音助理,1675
体重管家,1676
九块九秒杀,1677
微店全球购,1678
宝宝知道,1679
妈米,1680
好享购物,1681
兜兜公交-公交实时到站查询/公交查询/装机必备,1682
驾照考试宝,1683
生活纪录片,1684
浙江联通,1685
PPTV网络电视HD,1686
a67影视网,1687
查违章,1688
3G搜索,1689
TOPLIFE,1690
拉拉公园,1691
牛车帮,1692
简单日语五十音,1693
拍么,1694
玉石宝,1695
智能语音助手,1696
全能音效插件,1697
酷云TV(微信),1698
乐乐交友,1699
驾照科目三路考视频,1700
KaKao交友,1701
金豆返利【网购省更多】,1702
广发手机银行,1703
有恋网,1704
随手写,1705
微信聊天泡泡,1706
小桔文摘,1707
微信变声器,1708
亿优券,1709
品牌童装-育儿早教宝宝树口袋购物,1710
安居客,1711
中英互译,1712
郑州公交查询,1713
物联通V5.8.3,1714
快店 - 微商开店，首选快店,1715
乐词-新东方背单词,1716
小世界,1717
问酷高中政治,1718
催眠大师,1719
音标一点通,1720
爱卡微口语-地道英语口语老师,1721
下文,1722
看片神器,1723
小度头条,1724
现代汉语词典,1725
条码扫描器,1726
K歌达人,1727
MoboPlayer 2.0,1728
好大夫在线,1729
喵卡,1730
电路模拟器,1731
看法新闻,1732
超级星饭团,1733
芒果TV,1734
二手交易,1735
优聊,1736
淘宝购物街,1737
初中英语助手,1738
Wradio,1739
KK直播-美女视频交友,1740
华夏收藏,1741
91todo – 企业级日程任务管理,1742
广东移动10086,1743
脉脉,1744
品牌特卖,1745
饭团-B.A.P,1746
新概念英语 第一册,1747
魅力抚州,1748
SSAM,1749
考拉电子狗,1750
安卓手机铃声下载(内置彩铃功能),1751
丁香医生,1752
一键锁屏,1753
玩科技,1754
闺蜜圈,1755
闲鱼,1756
艺友,1757
CF掌游宝,1758
驾驶员考试,1759
转转,1760
完美截屏,1761
机核,1762
南方人物周刊,1763
金软Office,1764
酷音铃声,1765
车途邦,1766
屈臣氏客户端,1767
华硕微电影,1768
时事新闻,1769
噪音计,1770
微鲤看看,1771
好声音潜力女学员特辑,1772
词根词缀记忆字典,1773
知米背单词,1774
同同,1775
人人视频,1776
对面觅友,1777
淘宝安全中心,1778
儿童音乐台,1779
陌陌定位,1780
新军事武器库,1781
电影票团购,1782
猫眼电影,1783
口袋故事听听HD-儿童儿歌睡前童话,1784
高中地理大全,1785
智能家居,1786
驾校一点通,1787
电脑之家,1788
百度视频,1789
同程旅游,1790
皮皮影视HD,1791
口袋•BIGBANG,1792
粤语通,1793
订货宝-订货端,1794
名片全能王,1795
口袋心理测试,1796
高中生必背古诗文,1797
《弟子规》朗读及解说,1798
VICE中国,1799
闪电购,1800
GET资讯,1801
山山商城,1802
Naver音乐播放器,1803
笑话大全,1804
问医-免费健康咨询-快速问男科妇科整形专家-免费问诊,1805
斗图表情,1806
百度糯米商家,1807
亲宝儿歌4-6岁,1808
一级建造师,1809
问酷高中数学,1810
春秋航空,1811
我打-游戏辅助神器,1812
引约,1813
恋爱日语100句,1814
米绘-兴趣拍照分享社区,1815
UM 联信,1816
微观资讯,1817
凡客诚品vancl,1818
冲浪导航,1819
新编日语第一册,1820
出门问问语音助手,1821
多玩约战,1822
一米兼职,1823
91铃声,1824
无线城市,1825
宝宝认鞋子,1826
火车票达人,1827
房贷计算器,1828
乐动力,1829
苏宁易购,1830
爱城市,1831
美丽美,1832
条形码商品比价,1833
派派,1834
诗词格律助手,1835
经期助手,1836
英雄联盟视频盒子,1837
aTimeLogger,1838
先花花,1839
Mindjet Maps思维导图软件,1840
商机点评,1841
教练宝典,1842
QQ轻聊版,1843
百度奥运贴吧,1844
搞笑视频精选_微趣,1845
妈妈购,1846
全民K歌,1847
电商大爷,1848
云南通.古城区,1849
会计职称资格考试,1850
酷价,1851
安卓节能手电筒,1852
超强Astro音乐播放器,1853
点点运动,1854
EC,1855
植物大战僵尸2完美攻略,1856
微光,1857
爱上街,1858
云南通·洱源县,1859
钛媒体,1860
新浪微博4G版,1861
一直播,1862
网易美学,1863
遇到视频聊天,1864
钱袋宝,1865
掌中英语,1866
孩子王,1867
爱音乐,1868
数学手册,1869
辣椒圈,1870
1号店,1871
苏宁易购HD,1872
查好友,1873
怀孕管家-女性孕期怀孕助手,1874
乐点,1875
易果生鲜,1876
粤语情歌精选,1877
花熊,1878
瓦力短信,1879
速递易,1880
FM简单调频电台,1881
缘分同城交友,1882
古诗词分类赏析,1883
钉耙,1884
百度翻译,1885
薄荷,1886
YOHO有货,1887
可信,1888
妈妈社区,1889
央视影音,1890
头条娱乐,1891
麦包包,1892
淘票票,1893
密友,1894
由你购,1895
MIUI天气,1896
以纯A21旗舰店,1897
快手动漫,1898
云岭先锋,1899
半糖,1900
胎教盒子-胎教音乐随身听、孕期胎教必备,1901
一嗨租车-自驾必备,1902
计算管家,1903
李宁官方商城,1904
百变遥控,1905
装修图库,1906
行者骑行,1907
映客直播,1908
图片搜搜,1909
宝宝拼拼乐,1910
沃山东手机台,1911
德语助手,1912
小米投屏神器,1913
VIVA畅读,1914
红围脖,1915
欢乐圣诞,1916
央视新闻,1917
味库美食,1918
抖音短视频,1919
会计从业资格证随身学,1920
体坛+,1921
K米 - KTV娱乐神器,1922
快乐男声2013,1923
易到用车,1924
千亿俄语词典,1925
查周边(语音生活导航),1926
淘最热点,1927
购物卡管家,1928
找对象,1929
爱回收,1930
手机铃声,1931
曲奇背单词,1932
英语四级词汇,1933
动物马戏团,1934
淘划算,1935
省钱宝免费电话,1936
美剧猎人,1937
乐疯跑,1938
哔哩哔哩,1939
半价,1940
蜜疯直播,1941
艾米直播-有逼格的美女秀场,1942
G买卖,1943
极限分享,1944
掘金,1945
折疯了海淘,1946
MoboPlayer  x86,1947
小米社区,1948
樱淘,1949
天气预报,1950
豆瓣电影,1951
腾讯手游宝,1952
初中物理总结大全,1953
网易火车票,1954
Master 达人,1955
懒人天气,1956
艾米手机视频,1957
爱宝宝,1958
小米商城,1959
整人秘籍,1960
无线陕西,1961
Flipboard红板报,1962
经典手机铃声01,1963
里世界,1964
百年一保通,1965
各式面条做法大全,1966
全民免费--优惠券,1967
俩俩,1968
二维码扫描,1969
12580和生活,1970
沪江外语碎碎,1971
慕课网,1972
推酷HD,1973
BlackLight微博,1974
高朋团购,1975
寻蜜鸟,1976
天气通HD,1977
游侠网,1978
宝宝取名字典,1979
小米违章查询,1980
中子播放器,1981
美味家常菜,1982
天天影音播放器,1983
全民直播,1984
星座大师,1985
爱奇艺,1986
大润发,1987
指南针实用版,1988
台球——寻找喜欢打台球的朋友！,1989
高考志愿辅助填报,1990
迷你天气-晴天,1991
电子驾考语音模拟系统,1992
购轻松台湾,1993
高中数学知识库,1994
古汉语字典,1995
虎扑,1996
宝宝移泡泡-宝宝巴士,1997
妈妈100-为你淘遍全世界,1998
多彩记事本,1999
纷享销客,2000
衣联供货商服装女装批发,2001
软件数据线,2002
饭团-CNBLUE,2003
海航手机客户端,2004
世界工厂网,2005
黄历天气,2006
新闻联播,2007
艺宝,2008
皮皮精灵—微博定时,2009
我要当学霸,2010
Rockbox音乐播放器,2011
新标准日本语初级,2012
鸡毛箭商城,2013
水滴宝宝,2014
微习惯,2015
宝宝学颜色,2016
DJ音乐盒,2017
私密圈,2018
中国社保网,2019
初级会计职称,2020
去哪儿旅行,2021
火车票™,2022
篱笆社区,2023
80s影视,2024
表情me,2025
人人- 潮流贴纸天天上新,2026
搜狗公交,2027
谷歌地球,2028
全张家口,2029
爱情公寓对白铃声,2030
考研数学高数要点,2031
云岭职工,2032
凯迪,2033
找作文,2034
头版头条,2035
悦跑圈,2036
手机赚钱-赚钱儿,2037
面包猎人,2038
婚礼相册,2039
掌上中宇,2040
娇羞-情趣助手,2041
中国证券网,2042
天天饮食,2043
多闪,2044
博客管理工具,2045
东方头条,2046
微兆智能CAD1.25,2047
靠谱妈—备孕、怀孕、育儿必备的备孕助手、怀孕管家、育儿知识大全,2048
流畅图片浏览器,2049
微博,2050
秀吧,2051
腾讯NOW直播,2052
赞头条,2053
购轻松韩国,2054
爱吼K歌-唱歌竞技社区,2055
音乐伴侣,2056
楚楚街,2057
部落战争精品攻略,2058
公务员考试真题解析,2059
你我他语聊(免费电话短信超省流量),2060
作业神器,2061
WiFi信号实况,2062
Isplay玩潮,2063
公主淘,2064
卖车,2065
米缸高中政治,2066
7M体育,2067
宝宝服装秀,2068
财联社,2069
化龙巷,2070
艺龙旅行,2071
九块九包邮-正品网购返利,2072
地铁背单词考研版,2073
我秀娱乐直播,2074
360新闻,2075
光圈直播,2076
国际儿童教育,2077
一手女装批发服装批发网,2078
迅雷电视助手,2079
温州报业数字阅读器,2080
飞信同窗,2081
IKEA 宜家,2082
抢购助手9块9包邮,2083
法语助手,2084
元气弹,2085
酒便利,2086
手电筒,2087
刘涛,2088
贝贝,2089
银泰网,2090
青啤快购,2091
易信,2092
奇点资讯,2093
用药参考,2094
山西日报,2095
阿凡题搜题,2096
有缘约会,2097
中国信鸽信息网,2098
一折包邮,2099
遥看电视-超级节目单,2100
乐看纪录片,2101
票啦啦电影票,2102
科目三语音助手,2103
飞行棋—寻找喜欢玩飞行棋的朋友！,2104
可可英语,2105
MoliPlayer,2106
淘喵喵商家版,2107
第一次,2108
360爱阅读,2109
5126社区,2110
抠电影,2111
星窝-秀场交友,2112
丽人之家,2113
房天下,2114
携程旅行,2115
浙江旅游,2116
识货,2117
李民浩推荐城市猎人潮流购物-花样男子爱美时尚女生逛淘宝首选,2118
有品PICOOC,2119
华图网校-公务员考试必备,2120
《中国家庭医生》,2121
易迅网,2122
给惠网,2123
机械英语词典,2124
潮流男人帮,2125
波罗蜜日韩购,2126
标准VOA精华100篇,2127
智能指南针,2128
教你手工DIY,2129
网游百事通,2130
农商通,2131
基础韩语口语,2132
VST云电视,2133
天天记事：最佳云笔记便签记事本,2134
FX168财经,2135
搜搜听书,2136
360商城,2137
银行从业资格考试,2138
现在收银台,2139
最美天气,2140
Weico 3 微博客户端,2141
梦幻泡泡鱼,2142
认识日用品-宝宝巴士,2143
即刻,2144
减压吧,2145
学而思,2146
豆腐,2147
湛江云媒,2148
在线翻译(语音版),2149
哔哩哔哩海外版,2150
途牛旅游,2151
掌厨,2152
乐侃,2153
一条,2154
爱兰州,2155
WPS Office,2156
比购返利,2157
译客传说,2158
阿里拍卖,2159
翻片——换个姿势找电影,2160
链家,2161
GogoDate陌生人约会交友,2162
掌握健康,2163
看球-NBA、世界杯、英超、西甲、意甲、中超、网球、高尔夫,2164
世界时钟,2165
火车时刻表,2166
音悦台,2167
宝宝学汉字(幼儿识字),2168
美发秀秀,2169
淘我要,2170
衣见如故,2171
花粉儿,2172
二人世界－情侣恋爱全纪录,2173
移动店铺助手,2174
木兰仓,2175
顺丰大当家,2176
优资讯,2177
灯谜大全,2178
有道词典,2179
海豚智音,2180
能飞英语学习软件,2181
爱学贷,2182
无线济南,2183
选眼镜,2184
粉笔公考,2185
爱情公寓搞笑铃声,2186
好连遥控-优雅好用的智能电视遥控器,2187
英汉互译：English Chinese Dictionary,2188
2014驾考宝典(科四),2189
在线歌词,2190
迅雷尝鲜版,2191
太平洋游戏网,2192
新概念英语,2193
天气频道,2194
365天英语口语,2195
商品条形码查询,2196
豆豆父母,2197
英语大师MP3,2198
Busuu语言学习,2199
盛名时刻表,2200
男“性”大比拼,2201
瀑布流,2202
奇点日报,2203
Pixive,2204
手机监控,2205
高中物理大全,2206
减肥小助手,2207
欧尚网购,2208
美易测名取名,2209
问酷高中生物,2210
欢乐抓娃娃,2211
高中数学助手,2212
返利助手,2213
《IT时代周刊》新闻客户端,2214
单词之美初中-流利说英语天天斩百拓海词给力有道背词,2215
快说语音助手,2216
多听FM,2217
宝宝学唐诗学儿歌学动物(宝宝成长必备),2218
玩聊,2219
羞涩直播,2220
对面,2221
超级截图录屏大师,2222
淘特价-天天淘全网超值特价商品,2223
盒马鲜生,2224
跑步记录器,2225
GPS定位导航行车仪,2226
环球杂志,2227
掌上119中小企业版,2228
神奇百货,2229
有氧星球,2230
猜猜我在哪,2231
心理测试,2232
中小学作业辅导,2233
多功能手电筒,2234
2015新版驾照考试,2235
豆饭,2236
公务员行测,2237
JotterPad,2238
第一弹,2239
谁是卧底,2240
英语六级答案,2241
闪传,2242
网易大神,2243
开桌,2244
唯品会,2245
MIUI论坛,2246
Q币快速充值,2247
DOTA视频站,2248
返还网,2249
陪聊神兽,2250
商户快扫,2251
倍棒商家,2252
动静新闻,2253
趣文生活,2254
UTips校园资讯助手,2255
iUU多媒体免费短信,2256
Yoho!Now,2257
新华社发布,2258
周末去哪儿,2259
星座游戏大全,2260
铃声魔术师,2261
音缘交友,2262
AcFun,2263
小学一年级语文下册生字注音课件人教版,2264
凹凹啦美妆,2265
网易看游戏,2266
微看点,2267
人人飞传,2268
饭团-罗志祥,2269
魔力盒,2270
节奏大师歌曲刷分辅助,2271
中级会计职称,2272
掌中庆阳,2273
天天特价,2274
360影视大全,2275
教你玩转单反,2276
高中高考英语题库,2277
手机知网,2278
比价购书,2279
彩铃多多,2280
搜搜酒,2281
掌上药店,2282
学外语,2283
丫酷美女视频聊天社区,2284
石榴直播,2285
钢琴教练,2286
汇友,2287
Flash播放软件,2288
凤凰VIP,2289
果冻橡皮章-刻章子神器,2290
漢货,2291
男衣库,2292
宝宝音乐会,2293
速拍二维码,2294
微店买家版,2295
盖象优选,2296
乐视商城,2297
巴哈姆特,2298
瑞丽美妆,2299
女性助手,2300
xpaper全媒体手机报,2301
7788红宝书,2302
手机电视,2303
南方周末,2304
饭团-泰勒,2305
酒链世界,2306
曝工资-跳槽神器,2307
9块包邮,2308
个性网名大全,2309
妈妈帮,2310
第一视频,2311
地铁通,2312
百合相亲,2313
我们的欧洲杯,2314
微卖,2315
一号专车,2316
米折,2317
POCO照片,2318
天主教小助手,2319
中搜搜悦精华,2320
学游泳,2321
屈臣氏莴笋,2322
指南针(经典版),2323
标准身高体重测算,2324
记事本,2325
古筝名曲,2326
拉手电影,2327
图吧-手机看图神器,2328
百度语音助手,2329
遥控之星,2330
搜脉,2331
扇贝炼句,2332
Bitstrips表情符号,2333
锤子便签,2334
宝贝听听-睡前故事,2335
今日城市,2336
去头条-赚零花钱,2337
宝宝医院,2338
生日管家,2339
邮乐网,2340
华商播报,2341
Zine长微博工具,2342
Soul,2343
铃声裁剪大师,2344
天天网,2345
定时达人,2346
IKEA Store,2347
百度地图,2348
英语六级听力,2349
潮舞视频站,2350
英语口语精灵,2351
Socialife 新闻,2352
魔兽世界英雄榜,2353
ABS家居,2354
迅雷离线下载,2355
哈佛性取向测试,2356
Top,2357
Blued,2358
疯狂英语900句,2359
美丽说,2360
口袋fx,2361
什么值得买,2362
掌钱,2363
天翼报刊亭,2364
高一英语,2365
氧气听书,2366
华为商城,2367
随身乐队,2368
骑士团,2369
伊对视频相亲交友,2370
6City全球购,2371
教师资格考试宝典V2.0,2372
邦邦掌柜,2373
百度贴吧极速版,2374
行者直播,2375
巴拉巴拉旗舰店,2376
外贸电商通,2377
柚子街,2378
中学生联盟,2379
永辉微店,2380
逛丢,2381
宝宝时光小屋,2382
哈米-温暖的陌生人,2383
微车违章查询,2384
初二英语,2385
微趣拍,2386
e代驾,2387
视力检查,2388
窄播-未来的广播电台有声收音机,2389
明星衣橱,2390
妈妈聊天赚米,2391
中关村在线,2392
神指手电筒,2393
导航犬离线版,2394
百度知道,2395
蜜蜂新闻-火热资讯精致美图,2396
vv酷视频聊天,2397
云中原,2398
开心网,2399
小学英语,2400
聚超值,2401
万年历-日历 农历 备忘录 记事,2402
友邻,2403
汽车品牌世界-汽车标志大全,2404
千尺看图-图看微博,2405
宠物交友 掌上爱宠朋友圈,2406
MELON音乐盛典,2407
E歌蒙古音乐,2408
果库,2409
育儿指南,2410
公路工程材料,2411
墨迹天气,2412
天天快报大字版,2413
超爆笑小品电台,2414
即时提醒(闹钟one),2415
宝宝职业认知,2416
谷歌街景,2417
果壳精选,2418
单词之美四级-英语词汇百词斩拓海有道金山词霸典,2419
娱乐猫,2420
首一商城,2421
开心听音乐播放器,2422
娱乐圈圈,2423
国语字典,2424
看相大师,2425
一淘火眼,2426
艳遇计算器,2427
热恋,2428
科技焦点,2429
品尚汇,2430
花瓣 - 采集你喜欢的,2431
爱青岛,2432
一路听书 - 走进有声世界,2433
手机营业厅-中国联通,2434
南方航空,2435
搜狐新闻,2436
单词播音机高中版,2437
核雕文玩网,2438
神州租车,2439
上辈子你是谁,2440
"凤凰知音汇-坐飞机,得里程,换机票",2441
天才儿童右脑识字,2442
孕期提醒,2443
零零期分期,2444
微信,2445
铃声多多,2446
最美应用,2447
恶搞锁屏,2448
DHC,2449
海淘贝贝,2450
全国违章查询,2451
妞妞爱笑话,2452
舌尖上的中国-菜谱精选,2453
爱奇艺极速版,2454
游戏时光,2455
华硕音乐播放器,2456
和天气,2457
相亲交友同城约会-百合网见见,2458
周公解梦新版,2459
美囤妈妈,2460
咪咕快游,2461
读创,2462
粉丝福利购,2463
i百联,2464
家长帮,2465
钱宝,2466
省钱专家,2467
爱图购,2468
西集海外购,2469
工作求职招聘前途无忧,2470
新闻聚合中心,2471
宝宝爱卫生,2472
健康每一天——减肥美容生活资讯,2473
百合婚恋,2474
朗文高级英语词典,2475
易用英汉双解词典,2476
21财经,2477
宝宝乘车安全,2478
FatSecret卡路里计算器,2479
津云,2480
有缘网,2481
优米,2482
3G门户体育,2483
麦子 • 图话天下,2484
亿拍,2485
拍手吧,2486
颜值大师,2487
成语综合大词典,2488
青团网,2489
精选短篇鬼故事电台,2490
约看Yoker,2491
在场,2492
默拍,2493
云猴全球购,2494
大剧院·古典,2495
刷刷-网尽二次元好物,2496
1233购-母婴特卖商城,2497
美妆心得,2498
59store,2499
"DIY LINE 贴图 (免费 , 免注册)",2500
都市酷男记,2501
快爱同城约会,2502
密码酷,2503
汉字转拼音,2504
博体球迷圈,2505
化妆吧,2506
聚店,2507
Danale,2508
爱课程,2509
万能手电筒(超亮),2510
SWF播放器,2511
K歌城市,2512
口袋·Infinite,2513
3D 音乐播放器,2514
蚂蜂窝自由行,2515
中超社区,2516
同声翻译超级版,2517
投顾邦,2518
新华字典,2519
恋人网,2520
虎牙直播,2521
布丁优惠券,2522
扇贝新闻,2523
番茄易购,2524
精武英雄,2525
钱宝有票,2526
玩转电音,2527
开心网飞豆,2528
脸谱换换(您的人脉新起点！),2529
kds宽带山,2530
龙源网【3000种名刊精华阅读】,2531
得仕钱包,2532
蚂蜂窝商城,2533
玩吧,2534
看电影杂志,2535
人人美剧,2536
福利社,2537
酷米客,2538
网易宝,2539
沃尔玛,2540
来电拦截专家,2541
家居指南,2542
又又-约会恋爱婚恋很简单,2543
艺龙酒店,2544
问酷高中地理,2545
雅虎天气,2546
超级9块9,2547
掌中河南,2548
点心天气(桌面天气时钟软件),2549
词库 英语,2550
蜜咔,2551
国际橡塑展,2552
美甲帮,2553
挖客,2554
优艺,2555
壹生,2556
搭伴玩-约吗旅行去,2557
小伶玩具,2558
女性私人医生,2559
和讯微博(社交、财经微博、理财、投资乐园、投资达人、财经专家),2560
红豆Live,2561
化妆宝典,2562
选股宝,2563
X-Phone,2564
盘丝洞,2565
药房网商城医药店,2566
央视新闻plus,2567
快手纪录片(手机高清视频),2568
O店,2569
全球间谍眼,2570
打开,2571
卡乐付,2572
特奢汇,2573
1031车主服务,2574
妈妈好,2575
魅力惠,2576
每日必听英语,2577
美物清单,2578
波波视频,2579
高铁管家12306火车票,2580
铃声剪辑器,2581
翼秀吧,2582
聊吧,2583
想你,2584
悦莓全球奥特莱斯扫货神器,2585
日语N1单词速记,2586
化妆视频美妆发型宝典,2587
酷米音乐播放器,2588
金元宝微店,2589
爱听4G,2590
饭点,2591
谷歌语音命令,2592
TwonkyBeam,2593
乌鸦,2594
阿里巴巴,2595
辣品,2596
小学语文一年级上,2597
顺丰优选,2598
PPS影音HD版,2599
重庆社区,2600
西综题库,2601
新编日语(全四册),2602
梦芭莎,2603
街蜜,2604
小学二年级语文上册生字注音练习人教版,2605
寻欢,2606
好好住,2607
越野e族,2608
风云直播,2609
风行视频,2610
男人帮-潮流时尚男品街,2611
LED闪光灯手电筒,2612
简书,2613
Snaptee定制T恤,2614
保险,2615
买车宝,2616
中文同义反义词典,2617
高山英语阅读,2618
驾考宝典2014,2619
顶点手机铃声编辑器,2620
相亲交友百合网男才女貌,2621
轻加减肥,2622
点心闹钟,2623
高中化学大全,2624
掌上寿光,2625
遥控精灵,2626
开乐迅全能视频播放器,2627
如意头条,2628
UED体育,2629
Zimly播放器,2630
电子闹钟大师-(超炫主题+音乐睡眠计时器+桌面小组件),2631
音乐电台随身听,2632
圈圈,2633
荆门在线,2634
棒棒糖—宝宝成长好帮手，高品质亲子社区,2635
画板涂鸦,2636
好记(原马桶MT),2637
8PM,2638
爱时间,2639
网易严选,2640
Uki,2641
邮乐小店,2642
腾讯体育,2643
音标发音,2644
和彩云,2645
3G门户,2646
中国移动手机支付,2647
宝宝涂鸦,2648
知乎,2649
大咔,2650
英雄联盟人物铃声,2651
三联生活周刊,2652
3D播播VR,2653
问酷高中历史,2654
云脉名片识别,2655
啪啪,2656
购物助手,2657
老司机,2658
cnBeta阅读,2659
邻居,2660
点点艺术签名,2661
初高中物理公式,2662
大V店,2663
美丽约,2664
车唯拍,2665
倍多分背单词,2666
美发秀发型助手,2667
汽车头条,2668
怀孕期妈妈必备,2669
中国国家地理,2670
精至手机药典,2671
邮助手,2672
i内江,2673
享换机,2674
饭团-少女时代,2675
mRemote手机万能遥控器,2676
历史价格查询,2677
票达人,2678
炉石传说盒子,2679
DotA迷你盒子,2680
财经头条,2681
爱上头条,2682
考研英语,2683
福音TV,2684
最美发型,2685
知趣头条,2686
必要,2687
微医,2688
非邻,2689
在这儿—发现新朋友！,2690
幼儿启蒙拼音初级,2691
英语头条,2692
耐克健身俱乐部,2693
下厨房,2694
考试题库,2695
宅头条-笑话段子糗事搞笑神器,2696
爱美女装,2697
炉石传说视频站,2698
QQ说说管家刷赞拉圈助手,2699
微博国际版,2700
美味蛋糕屋,2701
口袋购物,2702
百灵FM,2703
服饰美容,2704
湖南卫视呼啦,2705
肯德基优惠券,2706
上海地铁,2707
法语基础-音标,2708
爱帮公交,2709
安卓字体神器,2710
极品时刻表,2711
鲜生活,2712
快手港台剧,2713
Who Talking - 腾讯微博客户端,2714
微信表情包,2715
云词英语,2716
推图,2717
唐诗·宋词·元曲 三百首,2718
新华国际,2719
MUJI舒适随眠,2720
卡车英豪,2721
敢拍敢秀,2722
名片碰碰,2723
购物党,2724
饭否,2725
极速体育,2726
云筑圈,2727
轻音直播,2728
微差事,2729
糖酒快讯-白酒企业经销商必备软件,2730
今日头条极速版,2731
约会吧,2732
胶东在线,2733
大众点评团购-美食、电影,2734
秀我音乐播放器,2735
郑大小秘书,2736
初中作文大全,2737
若邻网,2738
爱辅导手机版,2739
酷我听书,2740
微友,2741
食物相宜相克手册,2742
孕期宝宝周历,2743
书写,2744
学霸模式,2745
pure cnBeta阅读器,2746
喵播,2747
饭团-EXO,2748
表情豆豆-聊天必备工具,2749
落网,2750
和讯财经,2751
7788商城,2752
中国天气通,2753
路人,2754
车记,2755
学习中国,2756
看潼南,2757
芒果圈,2758
央视影音HD,2759
音乐裁剪大师,2760
缘份吧-同城交友、找对象、恋爱、约会必备神器,2761
铃声编辑器专业版,2762
美柚,2763
宝宝认知大全,2764
酒友,2765
女生防身手电筒,2766
搜狗地图,2767
格瓦拉生活,2768
话付宝 话费购物,2769
口袋巴士论坛,2770
江西手机报,2771
购车通,2772
儿童教育之识动物,2773
动物乐园,2774
欢乐直播,2775
谷歌音乐下载,2776
开心消消乐精品攻略,2777
360天气,2778
虚拟试衣间,2779
YY HD,2780
捷报比分,2781
114商旅,2782
义乌购,2783
随笔,2784
网牛,2785
聚看点,2786
华住酒店(原汉庭),2787
趣店,2788
汽车报价大全,2789
短酷-照片做视频,2790
55海淘,2791
天利优学,2792
每日一美胸,2793
本地头条,2794
赶集工作通,2795
国医堂-中医全科专家,2796
优娱乐,2797
三星语音助手,2798
中捷乐淘,2799
梦幻体育-欧洲足球版,2800
鄞响,2801
夜都市,2802
王者荣耀掌游宝,2803
爱淘宝,2804
多彩手电筒,2805
掌上游戏通,2806
空气污染指数,2807
题谷小题大作,2808
脸脸,2809
凤凰FM,2810
i时尚,2811
车来了-杭州,2812
微店,2813
乐云记事本,2814
轻松赚,2815
搜价易,2816
男生宿舍-社区交友,2817
亲宝宝,2818
大众影音,2819
总机服务,2820
眨眼,2821
智慧盐城,2822
微密,2823
引力播,2824
威力导演 - 视频剪辑,2825
沪江CCtalk-全网首款移动直播学习工具,2826
看电影,2827
指尖丽水,2828
生辰,2829
唱吧直播间,2830
女性生活,2831
新华大字典,2832
动动,2833
童话故事,2834
奥特莱斯,2835
来疯直播,2836
百草味,2837
二手车之家,2838
体育疯,2839
弹指聊天,2840
银泰限时尊抢,2841
宝宝学画画,2842
兼职猫-求职挣钱,2843
微播江湖,2844
拒宅-找伴出去玩,2845
姓名算命与吉祥起名免费版,2846
手机震动器2,2847
亚马逊购物,2848
衣联网服装批发,2849
太阳能充电,2850
掌上北语,2851
热门话题,2852
单词之美高考3500-金斩百拓海词有山道背简易,2853
谷歌地图,2854
大家的表情符号字典 Emoticon Dictionary((o(^o^)o)),2855
摇钱树,2856
手机二维码,2857
易车,2858
食品安全,2859
中国好声音官方客户端,2860
闪光灯手电筒,2861
Hpoi手办维基,2862
汽车摇号,2863
指南针(罗盘),2864
快速问医生-三甲医生,2865
爱情公寓,2866
景点特价门票-旅行必备工具,2867
初级会计职称考试,2868
诚品快拍,2869
8090创业学堂,2870
儿童涂鸦,2871
QQ国际版,2872
驱家新闻,2873
索尼相册,2874
众划算,2875
卡车之家,2876
恋恋,2877
爱库存,2878
天气万年历,2879
珍爱&百里挑一,2880
爱娱爱乐,2881
怪物卡车2,2882
酷狗音乐pad版,2883
Polaris Office,2884
天狗网,2885
爱无线--免费wifi上网,2886
K歌练唱机,2887
网易公开课,2888
符号图案,2889
儿童故事电台,2890
聚会玩-谁是卧底，杀人游戏，真心话大冒险集合,2891
折学家,2892
nga开源版,2893
宝宝生日派对,2894
TechWeb,2895
优听Radio,2896
铁血军事,2897
e乐充公交卡,2898
二十四节气之菜市场,2899
游民星空,2900
万年历,2901
娟蝶鲜花,2902
每日一文,2903
mo生活,2904
宠物说,2905
谷歌文档,2906
WiFi共享精灵,2907
VIP购优汇,2908
透明桌面日历,2909
算命游戏(神算子),2910
单身交友,2911
前店后厂,2912
国家应急广播,2913
表情mm,2914
网上厨房,2915
仰卧起坐教练,2916
悬浮影院,2917
女人秘密,2918
时光网,2919
蘑菇街,2920
知行天气,2921
动听MP3音乐播放器,2922
学搭配 - 时尚穿衣顾问，爱美衣爱逛街女生热荐美丽女装购物衣橱,2923
第一财经周刊,2924
手机惠农网-农产品采购交易平台,2925
开眼,2926
智行火车票12306购票,2927
唐僧英语,2928
潮信,2929
哈票,2930
钓鱼之家,2931
新华字典 离线版,2932
捧腹笑话,2933
超级名片,2934
新版驾校交规题库,2935
途家民宿,2936
一起玩旅游(分享旅途/记录足迹/旅途直播/同步微博),2937
穷游,2938
智慧南岸,2939
他趣,2940
PP视频,2941
美团开店宝,2942
ZERO零,2943
嗨淘全球,2944
化妆技巧指南-美妆控女生必备,2945
天翼生活,2946
易用视频播放器,2947
高考倒计时,2948
生活惠美食,2949
PotPlayer遥控器,2950
发型设计指导,2951
小象优品,2952
钟欣桐,2953
中国天气通2014,2954
美西,2955
会计中级职称考试,2956
南都Daily HD for pad,2957
有间杂货店,2958
UP,2959
健身专家,2960
叽喳校园 (推荐),2961
放松解压音乐电台,2962
温度计(三星S4专用),2963
QQ,2964
服装搭配,2965
赶集生活,2966
爱搭配,2967
东莞时报,2968
到家美食会,2969
音乐播放器,2970
趣闻解密,2971
宜兴在线,2972
九块九包邮精选,2973
王者人生,2974
宝宝制衣,2975
冬吴相对论,2976
Torque车况监控,2977
日历,2978
去哪儿攻略-你的旅游指南针,2979
周大福掌尚购,2980
好多动漫图片,2981
宝宝学数字-宝宝巴士,2982
左右锁屏,2983
LuLu直播,2984
幽默一刻,2985
中国法治,2986
珍爱网,2987
公务员国考试2013,2988
史上最爆笑恶搞电台,2989
宝宝学反义词,2990
智能墙纸店,2991
Umano听新闻,2992
网易BUFF,2993
Hotmail,2994
乐花花分期,2995
多乐音乐电台,2996
医药学大词典,2997
财经+,2998
单词之美雅思-斩断单词百用不厌,2999
醒醒(女神叫你起床),3000
脉可寻名片,3001
美味营养粥谱,3002
易奇八字算命大师,3003
问酷高中化学,3004
考试导航,3005
百度贴吧,3006
掌上车市汽车资讯服务,3007
易班,3008
爱奇艺动漫,3009
品值,3010
天虎云商,3011
Lugo路过--室外最好玩的游戏化社交应用,3012
植物大战僵尸2聊天群,3013
海狸娱乐,3014
九机网,3015
海豚英汉词典,3016
爱奇艺奇巴布,3017
蜻报,3018
豆果美食,3019
面聚-约会聚会交友,3020
MBC广播,3021
备份和恢复,3022
LINE卡通,3023
捷易通,3024
独物,3025
手机人民网,3026
人人,3027
快科技(原驱家新闻),3028
法制与新闻,3029
星点生活,3030
站台-同城邂逅神器,3031
咪咕灵犀,3032
快乐购,3033
明道,3034
7788小人书,3035
乐嗨秀场,3036
头条看点,3037
猿题库高考,3038
重庆生活,3039
友宝,3040
精品购男士版,3041
齐齐直播,3042
酒店预订,3043
Jorte日历,3044
微购(逛街助手旗下应用),3045
土豆超大屏 for Pad,3046
无讼阅读,3047
相册管家,3048
大牛新闻,3049
cnBeta.com,3050
BiBi——匿名聊天，调戏好友，搭讪陌生人,3051
咪咕音乐,3052
新浪新闻,3053
牵手恋,3054
爱家直播(TV版),3055
天天看看美女,3056
熊猫出行,3057
个性头像大全,3058
音乐识别,3059
摩托跑酷,3060
泡你妹,3061
勒流南水,3062
健康界,3063
倾城,3064
趣阅头条,3065
优酷伴侣,3066
会说话的聊天机器人,3067
有我-聊天交友,3068
小米遥控器,3069
答疑君-学霸家教,3070
美平米,3071
优酷CIBN高清影视,3072
附近＋,3073
邦购商城,3074
魔百资讯,3075
Google分析,3076
语文朗诵,3077
我爱汉字-儿童拼音幼儿识字,3078
沃行讯通,3079
微博订阅,3080
拍拍二手,3081
5173游戏交易,3082
最右-神吐槽神回复,3083
云顶天天赚,3084
派说,3085
迅雷,3086
男品街,3087
宝宝认时钟,3088
91购物助手(逛美丽说蘑菇街打折助手),3089
风水罗盘,3090
天机智讯,3091
穷游最世界,3092
米缸高中地理,3093
题酷中考必备,3094
黑龙江志愿服务,3095
神指计算器,3096
ASUS云存储,3097
超级指南针,3098
儿童启蒙英语派对2-乐乐熊猫,3099
喵喵微店-生意交友,3100
思维简图,3101
靓点女装购物,3102
梦幻藏宝阁,3103
天天果园,3104
口袋街,3105
Dota2资料库,3106
神奇的画笔,3107
考拉商圈,3108
淘伴-淘宝网官方店铺上新促销,3109
拓拓,3110
米聊,3111
TSF 音乐小部件,3112
西瓜视频,3113
二级建造师,3114
手机京东,3115
小蝌蚪寻亲记,3116
音乐雷达,3117
最懒应用,3118
蜻蜓FM,3119
中文打字练习(简体),3120
安卓免费铃声,3121
TT语音,3122
斗鱼TV,3123
咕噜咕噜,3124
iTag-音乐标签编辑器,3125
手机Wifi热点,3126
禁果社区,3127
NB物理实验,3128
旅行翻译官,3129
手迹Pro,3130
会计基础考试宝典,3131
爱牙,3132
我爱我车-专业汽车论坛,3133
手机大全,3134
中国广播,3135
Topit图库,3136
幻影3D,3137
大蓝鲸,3138
汉语字典,3139
得意生活,3140
问作业,3141
推推聊天室,3142
红酒客,3143
求爱,3144
欢乐卡车,3145
百度旅游,3146
倒计时,3147
衣度-凡客时尚搭配推荐,3148
沪江开心词场,3149
Qoo10趣天网,3150
饭团-黄子韬,3151
最强英语单词记忆法,3152
尚品网,3153
新概念英语(正式版),3154
魔法调色屋,3155
收钱吧,3156
微领地,3157
个性彩铃,3158
中粮我买网,3159
杂色新闻,3160
咪咕游戏,3161
秒唱,3162
哈图,3163
乐购,3164
